<ImportExportXml version="9.2.21044.128" SolutionPackageVersion="9.2" languagecode="1033" generatedBy="CrmLive" xmlns:xsi="http://www.w3.org/2001/XMLSchema-instance">
  <SolutionManifest>
    <UniqueName>DzienOtwarty</UniqueName>
    <LocalizedNames>
      <LocalizedName description="DzienOtwarty" languagecode="1033" />
    </LocalizedNames>
    <Descriptions />
    <Version>1.0.0.10</Version>
    <Managed>0</Managed>
    <Publisher>
      <UniqueName>DefaultPublisherorgcf129b4f</UniqueName>
      <LocalizedNames>
        <LocalizedName description="Default Publisher for orgcf129b4f" languagecode="1033" />
      </LocalizedNames>
      <Descriptions>
        <Description description="Default publisher for this organization" languagecode="1033" />
      </Descriptions>
      <EMailAddress xsi:nil="true"></EMailAddress>
      <SupportingWebsiteUrl xsi:nil="true"></SupportingWebsiteUrl>
      <CustomizationPrefix>new</CustomizationPrefix>
      <CustomizationOptionValuePrefix>10000</CustomizationOptionValuePrefix>
    </Publisher>
    <RootComponents>
      <RootComponent type="1" schemaName="cr18c_nauczyciel" behavior="0" />
      <RootComponent type="1" schemaName="cr18c_spotkanie" behavior="0" />
      <RootComponent type="1" schemaName="cr18c_zapisanaosoba" behavior="0" />
      <RootComponent type="1" schemaName="organization" behavior="0" />
      <RootComponent type="1" schemaName="systemuser" behavior="2" />
      <RootComponent type="29" id="{199f4aeb-b4b4-eb11-8236-000d3ab64a79}" behavior="0" />
      <RootComponent type="29" id="{88082f77-96b8-eb11-8236-000d3add05ce}" behavior="0" />
      <RootComponent type="29" id="{f1c1d10b-e6b6-eb11-8236-000d3add05ce}" behavior="0" />
      <RootComponent type="29" id="{f21e63d5-b6b4-eb11-8236-000d3ab64a79}" behavior="0" />
      <RootComponent type="300" schemaName="cr18c_nauczyciele_2e53b" behavior="0" />
      <RootComponent type="300" schemaName="cr18c_zapisaneosoby_7ee4c" behavior="0" />
      <RootComponent type="300" schemaName="cr18c_zapisynakonsultacje_42339" behavior="0" />
      <RootComponent type="300" schemaName="cr18c_zapisy_bb607" behavior="0" />
    </RootComponents>
    <MissingDependencies />
  </SolutionManifest>
</ImportExportXml>