{"properties":{"connectionReferences":{"shared_commondataserviceforapps":{"runtimeSource":"embedded","connection":{"connectionReferenceLogicalName":"cr18c_sharedcommondataserviceforapps_d4487"},"api":{"name":"shared_commondataserviceforapps"}}},"definition":{"$schema":"https://schema.management.azure.com/providers/Microsoft.Logic/schemas/2016-06-01/workflowdefinition.json#","contentVersion":"1.0.0.0","parameters":{"$connections":{"defaultValue":{},"type":"Object"},"$authentication":{"defaultValue":{},"type":"SecureObject"}},"triggers":{"Kiedy_będzie_możliwość_zapisów_do_nauczyciela":{"type":"OpenApiConnectionWebhook","inputs":{"host":{"connectionName":"shared_commondataserviceforapps","operationId":"SubscribeWebhookTrigger","apiId":"/providers/Microsoft.PowerApps/apis/shared_commondataserviceforapps"},"parameters":{"subscriptionRequest/message":4,"subscriptionRequest/entityname":"cr18c_nauczyciel","subscriptionRequest/scope":4,"subscriptionRequest/filteringattributes":"cr18c_otwartedozapisow","subscriptionRequest/filterexpression":"cr18c_otwartedozapisow eq true"},"authentication":"@parameters('$authentication')"}}},"actions":{"Załóż_licznik_spotkań":{"runAfter":{},"type":"InitializeVariable","inputs":{"variables":[{"name":"ts","type":"integer","value":0}]}},"Powtarzaj,_aż_dojdziesz_do_końca_czasu_na_spotkania":{"actions":{"Add_a_new_row":{"runAfter":{},"type":"OpenApiConnection","inputs":{"host":{"connectionName":"shared_commondataserviceforapps","operationId":"CreateRecord","apiId":"/providers/Microsoft.PowerApps/apis/shared_commondataserviceforapps"},"parameters":{"entityName":"cr18c_zapisanaosobas","item/cr18c_name":"(wolne)","item/cr18c_termin":"@addMinutes(triggerOutputs()?['body/cr18c_poczatekkonsultacji'], mul(variables('ts'), triggerOutputs()?['body/cr18c_dugoscnum']))","item/cr18c_dugoscmin":"@triggerOutputs()?['body/cr18c_dugoscnum']","item/cr18c_Nauczyciel@odata.bind":"cr18c_nauczyciels(@{triggerOutputs()?['body/cr18c_nauczycielid']})"},"authentication":"@parameters('$authentication')"}},"Increment_variable":{"runAfter":{"Add_a_new_row":["Succeeded"]},"type":"IncrementVariable","inputs":{"name":"ts","value":1}}},"runAfter":{"Załóż_licznik_spotkań":["Succeeded"]},"expression":"@greaterOrEquals(addMinutes(triggerOutputs()?['body/cr18c_poczatekkonsultacji'], mul(add(1, variables('ts')), triggerOutputs()?['body/cr18c_dugoscnum'])), triggerOutputs()?['body/cr18c_konieckonsultacji'])","limit":{"count":60,"timeout":"PT1H"},"type":"Until"}},"outputs":{}}},"schemaVersion":"1.0.0.0"}