{"properties":{"connectionReferences":{"shared_commondataserviceforapps":{"runtimeSource":"embedded","connection":{"connectionReferenceLogicalName":"cr18c_sharedcommondataserviceforapps_d4487"},"api":{"name":"shared_commondataserviceforapps"}}},"definition":{"$schema":"https://schema.management.azure.com/providers/Microsoft.Logic/schemas/2016-06-01/workflowdefinition.json#","contentVersion":"1.0.0.0","parameters":{"$connections":{"defaultValue":{},"type":"Object"},"$authentication":{"defaultValue":{},"type":"SecureObject"}},"triggers":{"Gdy_spotkanie_zostanie_oznaczone_jako_otwarte_do_zapisów":{"type":"OpenApiConnectionWebhook","inputs":{"host":{"connectionName":"shared_commondataserviceforapps","operationId":"SubscribeWebhookTrigger","apiId":"/providers/Microsoft.PowerApps/apis/shared_commondataserviceforapps"},"parameters":{"subscriptionRequest/message":4,"subscriptionRequest/entityname":"cr18c_spotkanie","subscriptionRequest/scope":4,"subscriptionRequest/filteringattributes":"cr18c_otwartedozapisu","subscriptionRequest/filterexpression":"cr18c_otwartedozapisu eq true"},"authentication":"@parameters('$authentication')"}}},"actions":{"Odszukaj_wszystkich_nauczycieli_planowanych_na_spotkaniu":{"runAfter":{},"type":"OpenApiConnection","inputs":{"host":{"connectionName":"shared_commondataserviceforapps","operationId":"ListRecords","apiId":"/providers/Microsoft.PowerApps/apis/shared_commondataserviceforapps"},"parameters":{"entityName":"cr18c_nauczyciels","$filter":"_cr18c_spotkanie_value eq '@{triggerOutputs()?['body/cr18c_spotkanieid']}'"},"authentication":"@parameters('$authentication')"}},"Apply_to_each":{"foreach":"@outputs('Odszukaj_wszystkich_nauczycieli_planowanych_na_spotkaniu')?['body/value']","actions":{"Zaznacz,_że_do_tego_nauczyciela_można_się_zapisać":{"runAfter":{},"type":"OpenApiConnection","inputs":{"host":{"connectionName":"shared_commondataserviceforapps","operationId":"UpdateRecord","apiId":"/providers/Microsoft.PowerApps/apis/shared_commondataserviceforapps"},"parameters":{"entityName":"cr18c_nauczyciels","recordId":"@items('Apply_to_each')?['cr18c_nauczycielid']","item/cr18c_otwartedozapisow":true},"authentication":"@parameters('$authentication')"}}},"runAfter":{"Odszukaj_wszystkich_nauczycieli_planowanych_na_spotkaniu":["Succeeded"]},"type":"Foreach"}},"outputs":{}}},"schemaVersion":"1.0.0.0"}