{"properties":{"connectionReferences":{"shared_commondataserviceforapps":{"runtimeSource":"embedded","connection":{"connectionReferenceLogicalName":"cr18c_sharedcommondataserviceforapps_d4487"},"api":{"name":"shared_commondataserviceforapps"}},"shared_office365":{"runtimeSource":"invoker","connection":{"connectionReferenceLogicalName":"cr18c_sharedoffice365_2274c"},"api":{"name":"shared_office365"}}},"definition":{"$schema":"https://schema.management.azure.com/providers/Microsoft.Logic/schemas/2016-06-01/workflowdefinition.json#","contentVersion":"1.0.0.0","parameters":{"$connections":{"defaultValue":{},"type":"Object"},"$authentication":{"defaultValue":{},"type":"SecureObject"}},"triggers":{"manual":{"type":"Request","kind":"PowerApp","inputs":{"schema":{"type":"object","properties":{"Pobierzwiersz,używającidentyfikatora_Identyfikatorwiersza":{"type":"string","description":"Wprowadź unikatowy identyfikator globalny (GUID) wiersza","x-ms-powerflows-param-ispartial":false}},"required":["Pobierzwiersz,używającidentyfikatora_Identyfikatorwiersza"]}}}},"actions":{"Pobierz_wiersz,_używając_identyfikatora":{"runAfter":{},"type":"OpenApiConnection","inputs":{"host":{"connectionName":"shared_commondataserviceforapps","operationId":"GetItem","apiId":"/providers/Microsoft.PowerApps/apis/shared_commondataserviceforapps"},"parameters":{"entityName":"cr18c_zapisanaosobas","recordId":"@triggerBody()['Pobierzwiersz,używającidentyfikatora_Identyfikatorwiersza']"},"authentication":{"type":"Raw","value":"@json(decodeBase64(triggerOutputs().headers['X-MS-APIM-Tokens']))['$ConnectionKey']"}}},"Znajdź_kalendarz,_do_którego_można_zapisać_spotkanie":{"actions":{"Get_calendars_(V2)":{"runAfter":{},"type":"OpenApiConnection","inputs":{"host":{"connectionName":"shared_office365","operationId":"CalendarGetTables_V2","apiId":"/providers/Microsoft.PowerApps/apis/shared_office365"},"parameters":{},"authentication":{"type":"Raw","value":"@json(decodeBase64(triggerOutputs().headers['X-MS-APIM-Tokens']))['$ConnectionKey']"}}},"Filter_array":{"runAfter":{"Get_calendars_(V2)":["Succeeded"]},"type":"Query","inputs":{"from":"@outputs('Get_calendars_(V2)')?['body/value']","where":"@equals(item()?['canEdit'], true)"}}},"runAfter":{"Pobierz_wiersz,_używając_identyfikatora":["Succeeded"]},"type":"Scope"},"Usuń_z_kalendarza":{"runAfter":{"Znajdź_kalendarz,_do_którego_można_zapisać_spotkanie":["Succeeded"]},"type":"OpenApiConnection","inputs":{"host":{"connectionName":"shared_office365","operationId":"CalendarDeleteItem_V2","apiId":"/providers/Microsoft.PowerApps/apis/shared_office365"},"parameters":{"calendar":"@outputs('Filter_array')?['body'][0]['id']","event":"@outputs('Pobierz_wiersz,_używając_identyfikatora')?['body/cr18c_idspotkania']"},"authentication":{"type":"Raw","value":"@json(decodeBase64(triggerOutputs().headers['X-MS-APIM-Tokens']))['$ConnectionKey']"}}},"Usuń_dane_uczestnika_spotkania_z_tabeli":{"runAfter":{"Usuń_z_kalendarza":["Succeeded"]},"type":"OpenApiConnection","inputs":{"host":{"connectionName":"shared_commondataserviceforapps","operationId":"UpdateRecord","apiId":"/providers/Microsoft.PowerApps/apis/shared_commondataserviceforapps"},"parameters":{"entityName":"cr18c_zapisanaosobas","recordId":"@triggerBody()['Pobierzwiersz,używającidentyfikatora_Identyfikatorwiersza']","item/cr18c_name":"(wolne)","item/cr18c_emailgoscia":"@null","item/cr18c_idspotkania":"@null"},"authentication":{"type":"Raw","value":"@json(decodeBase64(triggerOutputs().headers['X-MS-APIM-Tokens']))['$ConnectionKey']"}}},"Odpowiedz_na_aplikację_PowerApp_lub_przepływ":{"runAfter":{"Usuń_dane_uczestnika_spotkania_z_tabeli":["Succeeded"]},"type":"Response","kind":"PowerApp","inputs":{"statusCode":200,"body":{},"schema":{"type":"object","properties":{}}}}}}},"schemaVersion":"1.0.0.0"}