{"properties":{"connectionReferences":{"shared_commondataserviceforapps":{"runtimeSource":"embedded","connection":{"connectionReferenceLogicalName":"cr18c_sharedcommondataserviceforapps_d4487"},"api":{"name":"shared_commondataserviceforapps"}},"shared_office365":{"runtimeSource":"invoker","connection":{"connectionReferenceLogicalName":"cr18c_sharedoffice365_2274c"},"api":{"name":"shared_office365"}},"shared_teams":{"runtimeSource":"invoker","connection":{"connectionReferenceLogicalName":"cr18c_sharedteams_6ca8d"},"api":{"name":"shared_teams"}}},"definition":{"$schema":"https://schema.management.azure.com/providers/Microsoft.Logic/schemas/2016-06-01/workflowdefinition.json#","contentVersion":"1.0.0.0","parameters":{"$connections":{"defaultValue":{},"type":"Object"},"$authentication":{"defaultValue":{},"type":"SecureObject"}},"triggers":{"manual":{"type":"Request","kind":"PowerApp","inputs":{"schema":{"type":"object","properties":{"ZmodyfikujwierszZapisanejosoby_RowID":{"type":"string","description":"Enter the row's globally unique identifier (GUID)","x-ms-powerflows-param-ispartial":false},"ZmodyfikujwierszZapisanejosoby_Imięinazwiskogościa":{"type":"string","description":"","x-ms-powerflows-param-ispartial":false},"ZmodyfikujwierszZapisanejosoby_Nauczyciel(Nauczyciele)":{"type":"string","description":"","x-ms-powerflows-param-ispartial":false},"ZmodyfikujwierszZapisanejosoby_Emailgościa":{"type":"string","description":"","x-ms-powerflows-param-ispartial":false}},"required":["ZmodyfikujwierszZapisanejosoby_RowID","ZmodyfikujwierszZapisanejosoby_Imięinazwiskogościa","ZmodyfikujwierszZapisanejosoby_Nauczyciel(Nauczyciele)","ZmodyfikujwierszZapisanejosoby_Emailgościa"]}}}},"actions":{"Pobierz_wiersz,_używając_identyfikatora":{"runAfter":{"Inicjuj_zmienną":["Succeeded"]},"type":"OpenApiConnection","inputs":{"host":{"connectionName":"shared_commondataserviceforapps","operationId":"GetItem","apiId":"/providers/Microsoft.PowerApps/apis/shared_commondataserviceforapps"},"parameters":{"entityName":"cr18c_zapisanaosobas","recordId":"@triggerBody()['ZmodyfikujwierszZapisanejosoby_RowID']"},"authentication":{"type":"Raw","value":"@json(decodeBase64(triggerOutputs().headers['X-MS-APIM-Tokens']))['$ConnectionKey']"}}},"Jeśli_nikt_się_wcześniej_nie_zapisał":{"actions":{"Zmodyfikuj_wiersz_Zapisanej_osoby":{"runAfter":{},"type":"OpenApiConnection","inputs":{"host":{"connectionName":"shared_commondataserviceforapps","operationId":"UpdateRecord","apiId":"/providers/Microsoft.PowerApps/apis/shared_commondataserviceforapps"},"parameters":{"entityName":"cr18c_zapisanaosobas","recordId":"@triggerBody()['ZmodyfikujwierszZapisanejosoby_RowID']","item/cr18c_name":"@triggerBody()['ZmodyfikujwierszZapisanejosoby_Imięinazwiskogościa']","item/cr18c_emailgoscia":"@triggerBody()['ZmodyfikujwierszZapisanejosoby_Emailgościa']"},"authentication":{"type":"Raw","value":"@json(decodeBase64(triggerOutputs().headers['X-MS-APIM-Tokens']))['$ConnectionKey']"}}},"Znajdź_email_nauczyciela":{"actions":{"Get_a_row_by_ID":{"runAfter":{},"type":"OpenApiConnection","inputs":{"host":{"connectionName":"shared_commondataserviceforapps","operationId":"GetItem","apiId":"/providers/Microsoft.PowerApps/apis/shared_commondataserviceforapps"},"parameters":{"entityName":"cr18c_nauczyciels","recordId":"@triggerBody()['ZmodyfikujwierszZapisanejosoby_Nauczyciel(Nauczyciele)']"},"authentication":{"type":"Raw","value":"@json(decodeBase64(triggerOutputs().headers['X-MS-APIM-Tokens']))['$ConnectionKey']"}}},"Get_a_row_by_ID_2":{"runAfter":{"Get_a_row_by_ID":["Succeeded"]},"type":"OpenApiConnection","inputs":{"host":{"connectionName":"shared_commondataserviceforapps","operationId":"GetItem","apiId":"/providers/Microsoft.PowerApps/apis/shared_commondataserviceforapps"},"parameters":{"entityName":"systemusers","recordId":"@outputs('Get_a_row_by_ID')?['body/_cr18c_gospodarz_value']"},"authentication":{"type":"Raw","value":"@json(decodeBase64(triggerOutputs().headers['X-MS-APIM-Tokens']))['$ConnectionKey']"}}}},"runAfter":{"Zmodyfikuj_wiersz_Zapisanej_osoby":["Succeeded"]},"type":"Scope"},"Znajdź_kalendarz,_do_którego_można_zapisać_spotkanie":{"actions":{"Get_calendars_(V2)":{"runAfter":{},"type":"OpenApiConnection","inputs":{"host":{"connectionName":"shared_office365","operationId":"CalendarGetTables_V2","apiId":"/providers/Microsoft.PowerApps/apis/shared_office365"},"parameters":{},"authentication":{"type":"Raw","value":"@json(decodeBase64(triggerOutputs().headers['X-MS-APIM-Tokens']))['$ConnectionKey']"}}},"Filter_array":{"runAfter":{"Get_calendars_(V2)":["Succeeded"]},"type":"Query","inputs":{"from":"@outputs('Get_calendars_(V2)')?['body/value']","where":"@equals(item()?['canEdit'], true)"}}},"runAfter":{"Znajdź_email_nauczyciela":["Succeeded"]},"type":"Scope"},"Przelicz_strefę_czasową":{"runAfter":{"Znajdź_kalendarz,_do_którego_można_zapisać_spotkanie":["Succeeded"]},"type":"Expression","kind":"ConvertTimeZone","inputs":{"baseTime":"@outputs('Zmodyfikuj_wiersz_Zapisanej_osoby')?['body/cr18c_termin']","formatString":"s","sourceTimeZone":"UTC","destinationTimeZone":"Central European Standard Time"}},"Utwórz_spotkanie_w_Teams":{"runAfter":{"Przelicz_strefę_czasową":["Succeeded"]},"type":"OpenApiConnection","inputs":{"host":{"connectionName":"shared_teams","operationId":"CreateTeamsMeeting","apiId":"/providers/Microsoft.PowerApps/apis/shared_teams"},"parameters":{"calendarid":"@outputs('Filter_array')?['body'][0]['id']","item/subject":"@{outputs('Get_a_row_by_ID')?['body/cr18c_name']} + @{outputs('Zmodyfikuj_wiersz_Zapisanej_osoby')?['body/cr18c_name']}","item/body/content":"Proszę dołączyć do tego spotkania we wskazanym terminie.","item/timeZone":"Central European Standard Time","item/start/dateTime":"@body('Przelicz_strefę_czasową')","item/end/dateTime":"@addMinutes(outputs('Zmodyfikuj_wiersz_Zapisanej_osoby')?['body/cr18c_termin'],outputs('Zmodyfikuj_wiersz_Zapisanej_osoby')?['body/cr18c_dugoscmin'])","item/requiredAttendees":"@{outputs('Get_a_row_by_ID_2')?['body/internalemailaddress']};@{outputs('Zmodyfikuj_wiersz_Zapisanej_osoby')?['body/cr18c_emailgoscia']}","item/importance":"normal","item/reminderMinutesBeforeStart":5,"item/isReminderOn":true,"item/showAs":"busy","item/responseRequested":false},"authentication":{"type":"Raw","value":"@json(decodeBase64(triggerOutputs().headers['X-MS-APIM-Tokens']))['$ConnectionKey']"}}},"Zapisz_ID_spotkania":{"runAfter":{"Utwórz_spotkanie_w_Teams":["Succeeded"]},"type":"OpenApiConnection","inputs":{"host":{"connectionName":"shared_commondataserviceforapps","operationId":"UpdateRecord","apiId":"/providers/Microsoft.PowerApps/apis/shared_commondataserviceforapps"},"parameters":{"entityName":"cr18c_zapisanaosobas","recordId":"@outputs('Zmodyfikuj_wiersz_Zapisanej_osoby')?['body/cr18c_zapisanaosobaid']","item/cr18c_idspotkania":"@outputs('Utwórz_spotkanie_w_Teams')?['body/id']"},"authentication":{"type":"Raw","value":"@json(decodeBase64(triggerOutputs().headers['X-MS-APIM-Tokens']))['$ConnectionKey']"}}}},"runAfter":{"Pobierz_wiersz,_używając_identyfikatora":["Succeeded"]},"else":{"actions":{"Ustaw_zmienną":{"runAfter":{},"type":"SetVariable","inputs":{"name":"sukces","value":"@false"}}}},"expression":{"equals":["@outputs('Pobierz_wiersz,_używając_identyfikatora')?['body/cr18c_name']","(wolne)"]},"type":"If"},"Inicjuj_zmienną":{"runAfter":{},"type":"InitializeVariable","inputs":{"variables":[{"name":"sukces","type":"boolean","value":"@true"}]}},"Odeślij_wynik":{"runAfter":{"Jeśli_nikt_się_wcześniej_nie_zapisał":["Succeeded"]},"type":"Response","kind":"PowerApp","inputs":{"statusCode":200,"body":{"sukces":"@{variables('sukces')}","wynik":"@{if(variables('sukces'),1,0)}"},"schema":{"type":"object","properties":{"sukces":{"title":"Sukces","x-ms-dynamically-added":true,"type":"boolean"},"wynik":{"title":"wynik","x-ms-dynamically-added":true,"type":"number"}}}}}}}},"schemaVersion":"1.0.0.0"}